﻿<LinkSources version="1.02">
  <page ID="AC0874C0-3528-4535-AEDD-9CAF18103E24">
    <linkSource sourcePageID="5C679CB9-EAD0-43AC-9196-DA0F549E02D8" comID="1AB49A7C-4F00-4910-9DB8-F9ACCBAE370E" comLinkType="cltPageLink"/>
    <linkSource sourcePageID="D9439CE8-76BD-43F9-8BB6-C165F1169445" comID="A6339834-7757-4BCD-804D-CAFFB0EACEED" comLinkType="cltPageLink"/>
    <linkSource sourcePageID="A2A3B14B-95F7-46BC-BA4C-26B0B9F82A98" comID="3CB8DC7E-CA92-41D5-9473-D9A882380A82" comLinkType="cltPageLink"/>
    <linkSource sourcePageID="002ACCE4-A569-4A27-9AF0-E2B16BA2AAE2" comID="A6339834-7757-4BCD-804D-CAFFB0EACEED" comLinkType="cltPageLink"/>
    <linkSource sourcePageID="2C8575B7-F217-4BEA-A162-945C8AE35668" comID="3CB8DC7E-CA92-41D5-9473-D9A882380A82" comLinkType="cltPageLink"/>
    <linkSource sourcePageID="A6914CCA-0B63-4223-989A-1AB0C48E6A6C" comID="3CB8DC7E-CA92-41D5-9473-D9A882380A82" comLinkType="cltPageLink"/>
  </page>
  <page ID="5C679CB9-EAD0-43AC-9196-DA0F549E02D8">
    <linkSource sourcePageID="AC0874C0-3528-4535-AEDD-9CAF18103E24" comID="E643D58E-B5B8-4DFD-A1ED-4B54C8B33255" comLinkType="cltPageLink"/>
    <linkSource sourcePageID="AC0874C0-3528-4535-AEDD-9CAF18103E24" comID="6878099F-E20B-4CE7-857C-C0570CFA2474" comLinkType="cltPageLink"/>
    <linkSource sourcePageID="D9439CE8-76BD-43F9-8BB6-C165F1169445" comID="9CCCF7F1-9FA6-4B2A-BBE7-B4F11A5236A4" comLinkType="cltPageLink"/>
    <linkSource sourcePageID="A2A3B14B-95F7-46BC-BA4C-26B0B9F82A98" comID="6878099F-E20B-4CE7-857C-C0570CFA2474" comLinkType="cltPageLink"/>
    <linkSource sourcePageID="002ACCE4-A569-4A27-9AF0-E2B16BA2AAE2" comID="9CCCF7F1-9FA6-4B2A-BBE7-B4F11A5236A4" comLinkType="cltPageLink"/>
    <linkSource sourcePageID="2C8575B7-F217-4BEA-A162-945C8AE35668" comID="6878099F-E20B-4CE7-857C-C0570CFA2474" comLinkType="cltPageLink"/>
    <linkSource sourcePageID="A6914CCA-0B63-4223-989A-1AB0C48E6A6C" comID="6878099F-E20B-4CE7-857C-C0570CFA2474" comLinkType="cltPageLink"/>
  </page>
  <page ID="D9439CE8-76BD-43F9-8BB6-C165F1169445">
    <linkSource sourcePageID="AC0874C0-3528-4535-AEDD-9CAF18103E24" comID="67AC5348-14C8-4A47-B589-A5734DAC1EED" comLinkType="cltPageLink"/>
    <linkSource sourcePageID="AC0874C0-3528-4535-AEDD-9CAF18103E24" comID="65EFB36D-1C5A-4E18-A77F-4D67E1B4D110" comLinkType="cltPageLink"/>
    <linkSource sourcePageID="5C679CB9-EAD0-43AC-9196-DA0F549E02D8" comID="0219E708-BCF2-4B8C-A832-5E5FEBD232DA" comLinkType="cltPageLink"/>
    <linkSource sourcePageID="A2A3B14B-95F7-46BC-BA4C-26B0B9F82A98" comID="65EFB36D-1C5A-4E18-A77F-4D67E1B4D110" comLinkType="cltPageLink"/>
    <linkSource sourcePageID="002ACCE4-A569-4A27-9AF0-E2B16BA2AAE2" comID="2E833C67-F8A6-4873-861B-A79BE1B36851" comLinkType="cltPageLink"/>
    <linkSource sourcePageID="2C8575B7-F217-4BEA-A162-945C8AE35668" comID="65EFB36D-1C5A-4E18-A77F-4D67E1B4D110" comLinkType="cltPageLink"/>
    <linkSource sourcePageID="A6914CCA-0B63-4223-989A-1AB0C48E6A6C" comID="65EFB36D-1C5A-4E18-A77F-4D67E1B4D110" comLinkType="cltPageLink"/>
  </page>
  <page ID="002ACCE4-A569-4A27-9AF0-E2B16BA2AAE2">
    <linkSource sourcePageID="A6914CCA-0B63-4223-989A-1AB0C48E6A6C" comID="431A856D-D7A9-4A5B-9737-9FA214101429" comLinkType="cltPageLink"/>
    <linkSource sourcePageID="A2A3B14B-95F7-46BC-BA4C-26B0B9F82A98" comID="431A856D-D7A9-4A5B-9737-9FA214101429" comLinkType="cltPageLink"/>
    <linkSource sourcePageID="D9439CE8-76BD-43F9-8BB6-C165F1169445" comID="206C2404-92C1-4955-B507-130A4991D08D" comLinkType="cltPageLink"/>
    <linkSource sourcePageID="5C679CB9-EAD0-43AC-9196-DA0F549E02D8" comID="B02E7196-37E8-418A-94B8-D78AE098605F" comLinkType="cltPageLink"/>
    <linkSource sourcePageID="AC0874C0-3528-4535-AEDD-9CAF18103E24" comID="0B39A946-0FB2-4D91-A64F-45681A1492A1" comLinkType="cltPageLink"/>
    <linkSource sourcePageID="2C8575B7-F217-4BEA-A162-945C8AE35668" comID="431A856D-D7A9-4A5B-9737-9FA214101429" comLinkType="cltPageLink"/>
    <linkSource sourcePageID="AC0874C0-3528-4535-AEDD-9CAF18103E24" comID="431A856D-D7A9-4A5B-9737-9FA214101429" comLinkType="cltPageLink"/>
  </page>
  <page ID="A2A3B14B-95F7-46BC-BA4C-26B0B9F82A98">
    <linkSource sourcePageID="AC0874C0-3528-4535-AEDD-9CAF18103E24" comID="856B1815-D2BD-432C-8B73-0AB47C305A2E" comLinkType="cltPageLink"/>
    <linkSource sourcePageID="AC0874C0-3528-4535-AEDD-9CAF18103E24" comID="B9738B6F-39D4-4156-88AC-4272B05DA0DB" comLinkType="cltPageLink"/>
    <linkSource sourcePageID="5C679CB9-EAD0-43AC-9196-DA0F549E02D8" comID="65BB710B-5247-439B-A819-4EB8B85EE69B" comLinkType="cltPageLink"/>
    <linkSource sourcePageID="D9439CE8-76BD-43F9-8BB6-C165F1169445" comID="D7F2B973-DF26-47F4-8FBD-057EC1837F84" comLinkType="cltPageLink"/>
    <linkSource sourcePageID="002ACCE4-A569-4A27-9AF0-E2B16BA2AAE2" comID="D7F2B973-DF26-47F4-8FBD-057EC1837F84" comLinkType="cltPageLink"/>
    <linkSource sourcePageID="2C8575B7-F217-4BEA-A162-945C8AE35668" comID="9E9B5A3D-9B0F-4A65-8591-C6722836EE19" comLinkType="cltPageLink"/>
    <linkSource sourcePageID="A6914CCA-0B63-4223-989A-1AB0C48E6A6C" comID="91388692-C62C-4D96-B8AF-341A3C721DC6" comLinkType="cltPageLink"/>
  </page>
  <page ID="A6914CCA-0B63-4223-989A-1AB0C48E6A6C">
    <linkSource sourcePageID="A2A3B14B-95F7-46BC-BA4C-26B0B9F82A98" comID="325AC0A4-94C1-4ED9-852F-3E22F6A24112" comLinkType="cltPageLink"/>
    <linkSource sourcePageID="002ACCE4-A569-4A27-9AF0-E2B16BA2AAE2" comID="30EF2AC8-369F-4D29-95D8-DF3B4685A076" comLinkType="cltPageLink"/>
    <linkSource sourcePageID="D9439CE8-76BD-43F9-8BB6-C165F1169445" comID="30EF2AC8-369F-4D29-95D8-DF3B4685A076" comLinkType="cltPageLink"/>
    <linkSource sourcePageID="5C679CB9-EAD0-43AC-9196-DA0F549E02D8" comID="5D988717-1D79-496D-8905-8AB43F5D3DBC" comLinkType="cltPageLink"/>
    <linkSource sourcePageID="AC0874C0-3528-4535-AEDD-9CAF18103E24" comID="325AC0A4-94C1-4ED9-852F-3E22F6A24112" comLinkType="cltPageLink"/>
    <linkSource sourcePageID="AC0874C0-3528-4535-AEDD-9CAF18103E24" comID="29980A09-F135-4D70-ADB4-282701093802" comLinkType="cltPageLink"/>
    <linkSource sourcePageID="2C8575B7-F217-4BEA-A162-945C8AE35668" comID="325AC0A4-94C1-4ED9-852F-3E22F6A24112" comLinkType="cltPageLink"/>
  </page>
  <page ID="2C8575B7-F217-4BEA-A162-945C8AE35668">
    <linkSource sourcePageID="A6914CCA-0B63-4223-989A-1AB0C48E6A6C" comID="87BB41C2-738B-4E54-99FD-99EF70C591A1" comLinkType="cltPageLink"/>
    <linkSource sourcePageID="A2A3B14B-95F7-46BC-BA4C-26B0B9F82A98" comID="87BB41C2-738B-4E54-99FD-99EF70C591A1" comLinkType="cltPageLink"/>
    <linkSource sourcePageID="002ACCE4-A569-4A27-9AF0-E2B16BA2AAE2" comID="EF03FA0E-E814-4635-9149-068A2C617F2B" comLinkType="cltPageLink"/>
    <linkSource sourcePageID="D9439CE8-76BD-43F9-8BB6-C165F1169445" comID="EF03FA0E-E814-4635-9149-068A2C617F2B" comLinkType="cltPageLink"/>
    <linkSource sourcePageID="5C679CB9-EAD0-43AC-9196-DA0F549E02D8" comID="665819A4-27A2-4D04-AA9C-FB0BEAB1FF81" comLinkType="cltPageLink"/>
    <linkSource sourcePageID="AC0874C0-3528-4535-AEDD-9CAF18103E24" comID="81F9E11C-B1A5-40CC-B4AF-C89D6A66B33B" comLinkType="cltPageLink"/>
    <linkSource sourcePageID="AC0874C0-3528-4535-AEDD-9CAF18103E24" comID="87BB41C2-738B-4E54-99FD-99EF70C591A1" comLinkType="cltPageLink"/>
  </page>
</LinkSources>